session,username,application,activity,event,time,created_at,updated_at,event_value,name,switch,x,type,board,source,dest,y,currentFlowing,groupname
d8452ed7-1d97-f299-0768-0cfb9eed6012,Lion,Teaching Teamwork,adder,Joined Group,1487265873.2849998,0.0,0.0,Animals,"","","","",0,"","","",true,Animals
d8452ed7-1d97-f299-0768-0cfb9eed6012,Lion,Teaching Teamwork,adder,Selected board,1487265887.512,0.0,0.0,0,"","","","",0,"","","",true,Animals
d8452ed7-1d97-f299-0768-0cfb9eed6012,Lion,Teaching Teamwork,adder,Selected Username,1487265873.2849998,0.0,0.0,Lion,"","","","",0,"","","",true,Animals
d8452ed7-1d97-f299-0768-0cfb9eed6012,Lion,Teaching Teamwork,adder,Started session,1487265863.601999,0.0,0.0,"","","","","",0,"","","",true,Animals
d8452ed7-1d97-f299-0768-0cfb9eed6012,Lion,Teaching Teamwork,adder,Started to join group,1487265870.789,0.0,0.0,Animals,"","","","",0,"","","",true,Animals
086f8831-cac6-08a4-351f-e2747fcae696,Tiger,Teaching Teamwork,adder,Started session,1487265878.188999,0.0,0.0,"","","","","",1,"","","",true,Animals
086f8831-cac6-08a4-351f-e2747fcae696,Tiger,Teaching Teamwork,adder,Started to join group,1487265887.128999,0.0,0.0,Animals,"","","","",1,"","","",true,Animals
086f8831-cac6-08a4-351f-e2747fcae696,Tiger,Teaching Teamwork,adder,Selected Username,1487265889.2489998,0.0,0.0,Tiger,"","","","",1,"","","",true,Animals
086f8831-cac6-08a4-351f-e2747fcae696,Tiger,Teaching Teamwork,adder,Selected board,1487265894.492,0.0,0.0,1,"","","","",1,"","","",true,Animals
086f8831-cac6-08a4-351f-e2747fcae696,Tiger,Teaching Teamwork,adder,Joined Group,1487265889.2489998,0.0,0.0,Animals,"","","","",1,"","","",true,Animals
d8452ed7-1d97-f299-0768-0cfb9eed6012,Lion,Teaching Teamwork,adder,Add Logic Chip,1487265896.644,0.0,0.0,"",lc0,"",480.20000000000005,7404,0,"","",27.44,true,Animals
086f8831-cac6-08a4-351f-e2747fcae696,Tiger,Teaching Teamwork,adder,Closed board,1487265897.832,0.0,0.0,1,"","","","",1,"","","",true,Animals
d8452ed7-1d97-f299-0768-0cfb9eed6012,Lion,Teaching Teamwork,adder,Move Logic Chip,1487265909.569,0.0,0.0,"",lc0,"",397.88,7404,0,"","",109.76,true,Animals
d8452ed7-1d97-f299-0768-0cfb9eed6012,Lion,Teaching Teamwork,adder,Add Logic Chip,1487265924.086999,0.0,0.0,"",lc1,"",192.08,7408,0,"","",164.64000000000001,true,Animals
d8452ed7-1d97-f299-0768-0cfb9eed6012,Lion,Teaching Teamwork,adder,Move Logic Chip,1487265930.6499999,0.0,0.0,"",lc1,"",164.64000000000001,7408,0,"","",123.48,true,Animals
086f8831-cac6-08a4-351f-e2747fcae696,Tiger,Teaching Teamwork,adder,Opened board,1487265938.585999,0.0,0.0,1,"","","","",1,"","","",true,Animals
d8452ed7-1d97-f299-0768-0cfb9eed6012,Lion,Teaching Teamwork,adder,Add Logic Chip,1487265944.792,0.0,0.0,"",lc2,"",301.84000000000003,7411,0,"","",260.68,true,Animals
d8452ed7-1d97-f299-0768-0cfb9eed6012,Lion,Teaching Teamwork,adder,Move Logic Chip,1487265948.052,0.0,0.0,"",lc1,"",123.48,7408,0,"","",68.60000000000001,true,Animals
d8452ed7-1d97-f299-0768-0cfb9eed6012,Lion,Teaching Teamwork,adder,Move Logic Chip,1487265951.503999,0.0,0.0,"",lc2,"",192.08,7411,0,"","",219.52,true,Animals
d8452ed7-1d97-f299-0768-0cfb9eed6012,Lion,Teaching Teamwork,adder,Move Logic Chip,1487265954.134,0.0,0.0,"",lc1,"",425.32,7408,0,"","",246.96,true,Animals
086f8831-cac6-08a4-351f-e2747fcae696,Tiger,Teaching Teamwork,adder,Add Logic Chip,1487265954.8339999,0.0,0.0,"",lc0,"",233.24,7411,1,"","",123.48,true,Animals
d8452ed7-1d97-f299-0768-0cfb9eed6012,Lion,Teaching Teamwork,adder,Move Logic Chip,1487265955.611999,0.0,0.0,"",lc2,"",150.92000000000002,7411,0,"","",109.76,true,Animals
086f8831-cac6-08a4-351f-e2747fcae696,Tiger,Teaching Teamwork,adder,Add Logic Chip,1487265959.253999,0.0,0.0,"",lc1,"",397.88,7432,1,"","",260.68,true,Animals
d8452ed7-1d97-f299-0768-0cfb9eed6012,Lion,Teaching Teamwork,adder,Move Logic Chip,1487265959.796,0.0,0.0,"",lc2,"",123.48,7411,0,"","",96.04,true,Animals
d8452ed7-1d97-f299-0768-0cfb9eed6012,Lion,Teaching Teamwork,adder,Toggled Switch,1487265961.2499998,0.0,0.0,3,"",0,"","",0,"","","",true,Animals
086f8831-cac6-08a4-351f-e2747fcae696,Tiger,Teaching Teamwork,adder,Move Logic Chip,1487265962.855999,0.0,0.0,"",lc1,"",233.24,7432,1,"","",260.68,true,Animals
086f8831-cac6-08a4-351f-e2747fcae696,Tiger,Teaching Teamwork,adder,Move Logic Chip,1487265964.726999,0.0,0.0,"",lc0,"",246.96,7411,1,"","",96.04,true,Animals
d8452ed7-1d97-f299-0768-0cfb9eed6012,Lion,Teaching Teamwork,adder,Add wire,1487265965.780999,0.0,0.0,"","","","","",0,"{""component""=>""lc2"", ""pin""=>{""index""=>10, ""name""=>""11""}, ""type""=>""pin"", ""board""=>0}","{""connector""=>""input"", ""hole""=>{""index""=>0, ""color""=>""#555""}, ""type""=>""hole"", ""board""=>0}","",true,Animals
086f8831-cac6-08a4-351f-e2747fcae696,Tiger,Teaching Teamwork,adder,Move Logic Chip,1487265971.1809988,0.0,0.0,"",lc0,"",233.24,7411,1,"","",96.04,true,Animals
d8452ed7-1d97-f299-0768-0cfb9eed6012,Lion,Teaching Teamwork,adder,Remove wire,1487265977.579999,0.0,0.0,"","","","","",0,"{""component""=>""lc2"", ""pin""=>{""index""=>10, ""name""=>""11""}, ""type""=>""pin"", ""board""=>0}","{""connector""=>""input"", ""hole""=>{""index""=>0, ""color""=>""#555""}, ""type""=>""hole"", ""board""=>0}","",true,Animals
d8452ed7-1d97-f299-0768-0cfb9eed6012,Lion,Teaching Teamwork,adder,Move Logic Chip,1487265987.448999,0.0,0.0,"",lc0,"",164.64000000000001,7404,0,"","",260.68,true,Animals
d8452ed7-1d97-f299-0768-0cfb9eed6012,Lion,Teaching Teamwork,adder,Move Logic Chip,1487265989.135999,0.0,0.0,"",lc1,"",315.56,7408,0,"","",82.32000000000001,true,Animals
086f8831-cac6-08a4-351f-e2747fcae696,Tiger,Teaching Teamwork,adder,Sent message,1487265991.907,0.0,0.0,should we build ours first then connect?,"","","","",1,"","","",true,Animals
d8452ed7-1d97-f299-0768-0cfb9eed6012,Lion,Teaching Teamwork,adder,Sent message,1487265999.654,0.0,0.0,k,"","","","",0,"","","",true,Animals
d8452ed7-1d97-f299-0768-0cfb9eed6012,Lion,Teaching Teamwork,adder,Add wire,1487266009.107,0.0,0.0,"","","","","",0,"{""component""=>""lc1"", ""pin""=>{""index""=>12, ""name""=>""13""}, ""type""=>""pin"", ""board""=>0}","{""connector""=>""input"", ""hole""=>{""index""=>0, ""color""=>""#555""}, ""type""=>""hole"", ""board""=>0}","",true,Animals
086f8831-cac6-08a4-351f-e2747fcae696,Tiger,Teaching Teamwork,adder,Sent message,1487266017.167999,0.0,0.0,i am outputs,"","","","",1,"","","",true,Animals
d8452ed7-1d97-f299-0768-0cfb9eed6012,Lion,Teaching Teamwork,adder,Sent message,1487266022.23,0.0,0.0,im in,"","","","",0,"","","",true,Animals
086f8831-cac6-08a4-351f-e2747fcae696,Tiger,Teaching Teamwork,adder,Move Logic Chip,1487266027.161,0.0,0.0,"",lc0,"",82.32000000000001,7411,1,"","",82.32000000000001,true,Animals
086f8831-cac6-08a4-351f-e2747fcae696,Tiger,Teaching Teamwork,adder,Move Logic Chip,1487266028.848999,0.0,0.0,"",lc1,"",343,7432,1,"","",109.76,true,Animals
086f8831-cac6-08a4-351f-e2747fcae696,Tiger,Teaching Teamwork,adder,Move Logic Chip,1487266031.055,0.0,0.0,"",lc0,"",109.76,7411,1,"","",260.68,true,Animals
d8452ed7-1d97-f299-0768-0cfb9eed6012,Lion,Teaching Teamwork,adder,Add wire,1487266040.1169999,0.0,0.0,"","","","","",0,"{""component""=>""lc1"", ""pin""=>{""index""=>9, ""name""=>""10""}, ""type""=>""pin"", ""board""=>0}","{""connector""=>""input"", ""hole""=>{""index""=>1, ""color""=>""#555""}, ""type""=>""hole"", ""board""=>0}","",true,Animals
086f8831-cac6-08a4-351f-e2747fcae696,Tiger,Teaching Teamwork,adder,Add wire,1487266043.7500002,0.0,0.0,"","","","","",1,"{""component""=>""lc1"", ""pin""=>{""index""=>10, ""name""=>""11""}, ""type""=>""pin"", ""board""=>1}","{""component""=>""lc1"", ""pin""=>{""index""=>9, ""name""=>""10""}, ""type""=>""pin"", ""board""=>1}","",true,Animals
d8452ed7-1d97-f299-0768-0cfb9eed6012,Lion,Teaching Teamwork,adder,Add wire,1487266045.92,0.0,0.0,"","","","","",0,"{""component""=>""lc1"", ""pin""=>{""index""=>0, ""name""=>""1""}, ""type""=>""pin"", ""board""=>0}","{""connector""=>""input"", ""hole""=>{""index""=>2, ""color""=>""#555""}, ""type""=>""hole"", ""board""=>0}","",true,Animals
086f8831-cac6-08a4-351f-e2747fcae696,Tiger,Teaching Teamwork,adder,Add wire,1487266051.743,0.0,0.0,"","","","","",1,"{""component""=>""lc1"", ""pin""=>{""index""=>7, ""name""=>""8""}, ""type""=>""pin"", ""board""=>1}","{""connector""=>""output"", ""hole""=>{""index""=>0, ""color""=>""#555""}, ""type""=>""hole"", ""board""=>1}","",true,Animals
d8452ed7-1d97-f299-0768-0cfb9eed6012,Lion,Teaching Teamwork,adder,Remove wire,1487266054.535,0.0,0.0,"","","","","",0,"{""component""=>""lc1"", ""pin""=>{""index""=>0, ""name""=>""1""}, ""type""=>""pin"", ""board""=>0}","{""connector""=>""input"", ""hole""=>{""index""=>2, ""color""=>""#555""}, ""type""=>""hole"", ""board""=>0}","",true,Animals
d8452ed7-1d97-f299-0768-0cfb9eed6012,Lion,Teaching Teamwork,adder,Add wire,1487266059.459,0.0,0.0,"","","","","",0,"{""component""=>""lc1"", ""pin""=>{""index""=>0, ""name""=>""1""}, ""type""=>""pin"", ""board""=>0}","{""connector""=>""input"", ""hole""=>{""index""=>2, ""color""=>""#555""}, ""type""=>""hole"", ""board""=>0}","",true,Animals
d8452ed7-1d97-f299-0768-0cfb9eed6012,Lion,Teaching Teamwork,adder,Remove wire,1487266063.167,0.0,0.0,"","","","","",0,"{""component""=>""lc1"", ""pin""=>{""index""=>0, ""name""=>""1""}, ""type""=>""pin"", ""board""=>0}","{""connector""=>""input"", ""hole""=>{""index""=>2, ""color""=>""#555""}, ""type""=>""hole"", ""board""=>0}","",true,Animals
d8452ed7-1d97-f299-0768-0cfb9eed6012,Lion,Teaching Teamwork,adder,Move Logic Chip,1487266065.3859992,0.0,0.0,"",lc2,"",480.20000000000005,7411,0,"","",288.12,true,Animals
d8452ed7-1d97-f299-0768-0cfb9eed6012,Lion,Teaching Teamwork,adder,Move Logic Chip,1487266067.2819998,0.0,0.0,"",lc1,"",150.92000000000002,7408,0,"","",96.04,true,Animals
d8452ed7-1d97-f299-0768-0cfb9eed6012,Lion,Teaching Teamwork,adder,Add wire,1487266071.1859999,0.0,0.0,"","","","","",0,"{""component""=>""lc1"", ""pin""=>{""index""=>3, ""name""=>""4""}, ""type""=>""pin"", ""board""=>0}","{""connector""=>""input"", ""hole""=>{""index""=>2, ""color""=>""#555""}, ""type""=>""hole"", ""board""=>0}","",true,Animals
086f8831-cac6-08a4-351f-e2747fcae696,Tiger,Teaching Teamwork,adder,Add wire,1487266092.8499992,0.0,0.0,"","","","","",1,"{""component""=>""lc1"", ""pin""=>{""index""=>11, ""name""=>""12""}, ""type""=>""pin"", ""board""=>1}","{""component""=>""lc0"", ""pin""=>{""index""=>8, ""name""=>""9""}, ""type""=>""pin"", ""board""=>1}","",true,Animals
d8452ed7-1d97-f299-0768-0cfb9eed6012,Lion,Teaching Teamwork,adder,Remove wire,1487266095.184,0.0,0.0,"","","","","",0,"{""component""=>""lc1"", ""pin""=>{""index""=>9, ""name""=>""10""}, ""type""=>""pin"", ""board""=>0}","{""connector""=>""input"", ""hole""=>{""index""=>1, ""color""=>""#555""}, ""type""=>""hole"", ""board""=>0}","",true,Animals
d8452ed7-1d97-f299-0768-0cfb9eed6012,Lion,Teaching Teamwork,adder,Remove wire,1487266100.303999,0.0,0.0,"","","","","",0,"{""component""=>""lc1"", ""pin""=>{""index""=>3, ""name""=>""4""}, ""type""=>""pin"", ""board""=>0}","{""connector""=>""input"", ""hole""=>{""index""=>2, ""color""=>""#555""}, ""type""=>""hole"", ""board""=>0}","",true,Animals
d8452ed7-1d97-f299-0768-0cfb9eed6012,Lion,Teaching Teamwork,adder,Remove wire,1487266102.078,0.0,0.0,"","","","","",0,"{""component""=>""lc1"", ""pin""=>{""index""=>12, ""name""=>""13""}, ""type""=>""pin"", ""board""=>0}","{""connector""=>""input"", ""hole""=>{""index""=>0, ""color""=>""#555""}, ""type""=>""hole"", ""board""=>0}","",true,Animals
d8452ed7-1d97-f299-0768-0cfb9eed6012,Lion,Teaching Teamwork,adder,Move Logic Chip,1487266103.503999,0.0,0.0,"",lc1,"",411.6,7408,0,"","",109.76,true,Animals
d8452ed7-1d97-f299-0768-0cfb9eed6012,Lion,Teaching Teamwork,adder,Move Logic Chip,1487266105.151,0.0,0.0,"",lc0,"",137.20000000000002,7404,0,"","",82.32000000000001,true,Animals
d8452ed7-1d97-f299-0768-0cfb9eed6012,Lion,Teaching Teamwork,adder,Add wire,1487266116.1369998,0.0,0.0,"","","","","",0,"{""component""=>""lc0"", ""pin""=>{""index""=>12, ""name""=>""13""}, ""type""=>""pin"", ""board""=>0}","{""connector""=>""input"", ""hole""=>{""index""=>0, ""color""=>""#555""}, ""type""=>""hole"", ""board""=>0}","",true,Animals
d8452ed7-1d97-f299-0768-0cfb9eed6012,Lion,Teaching Teamwork,adder,Add wire,1487266120.207,0.0,0.0,"","","","","",0,"{""component""=>""lc0"", ""pin""=>{""index""=>10, ""name""=>""11""}, ""type""=>""pin"", ""board""=>0}","{""connector""=>""input"", ""hole""=>{""index""=>1, ""color""=>""#555""}, ""type""=>""hole"", ""board""=>0}","",true,Animals
d8452ed7-1d97-f299-0768-0cfb9eed6012,Lion,Teaching Teamwork,adder,Toggled Switch,1487266122.075,0.0,0.0,3,"",1,"","",0,"","","",true,Animals
d8452ed7-1d97-f299-0768-0cfb9eed6012,Lion,Teaching Teamwork,adder,Add wire,1487266125.486,0.0,0.0,"","","","","",0,"{""component""=>""lc0"", ""pin""=>{""index""=>8, ""name""=>""9""}, ""type""=>""pin"", ""board""=>0}","{""connector""=>""input"", ""hole""=>{""index""=>2, ""color""=>""#555""}, ""type""=>""hole"", ""board""=>0}","",true,Animals
086f8831-cac6-08a4-351f-e2747fcae696,Tiger,Teaching Teamwork,adder,Add wire,1487266127.194999,0.0,0.0,"","","","","",1,"{""component""=>""lc1"", ""pin""=>{""index""=>12, ""name""=>""13""}, ""type""=>""pin"", ""board""=>1}","{""component""=>""lc0"", ""pin""=>{""index""=>11, ""name""=>""12""}, ""type""=>""pin"", ""board""=>1}","",true,Animals
d8452ed7-1d97-f299-0768-0cfb9eed6012,Lion,Teaching Teamwork,adder,Move Logic Chip,1487266133.062,0.0,0.0,"",lc1,"",109.76,7408,0,"","",260.68,true,Animals
d8452ed7-1d97-f299-0768-0cfb9eed6012,Lion,Teaching Teamwork,adder,Move Logic Chip,1487266135.423,0.0,0.0,"",lc2,"",356.72,7411,0,"","",96.04,true,Animals
d8452ed7-1d97-f299-0768-0cfb9eed6012,Lion,Teaching Teamwork,adder,Add wire,1487266145.269999,0.0,0.0,"","","","","",0,"{""component""=>""lc0"", ""pin""=>{""index""=>11, ""name""=>""12""}, ""type""=>""pin"", ""board""=>0}","{""component""=>""lc2"", ""pin""=>{""index""=>10, ""name""=>""11""}, ""type""=>""pin"", ""board""=>0}","",true,Animals
d8452ed7-1d97-f299-0768-0cfb9eed6012,Lion,Teaching Teamwork,adder,Add wire,1487266160.384,0.0,0.0,"","","","","",0,"{""component""=>""lc0"", ""pin""=>{""index""=>9, ""name""=>""10""}, ""type""=>""pin"", ""board""=>0}","{""component""=>""lc2"", ""pin""=>{""index""=>9, ""name""=>""10""}, ""type""=>""pin"", ""board""=>0}","",true,Animals
086f8831-cac6-08a4-351f-e2747fcae696,Tiger,Teaching Teamwork,adder,Add wire,1487266162.599999,0.0,0.0,"","","","","",1,"{""component""=>""lc0"", ""pin""=>{""index""=>5, ""name""=>""6""}, ""type""=>""pin"", ""board""=>1}","{""component""=>""lc1"", ""pin""=>{""index""=>8, ""name""=>""9""}, ""type""=>""pin"", ""board""=>1}","",true,Animals
d8452ed7-1d97-f299-0768-0cfb9eed6012,Lion,Teaching Teamwork,adder,Add wire,1487266179.943,0.0,0.0,"","","","","",0,"{""component""=>""lc2"", ""pin""=>{""index""=>8, ""name""=>""9""}, ""type""=>""pin"", ""board""=>0}","{""connector""=>""input"", ""hole""=>{""index""=>2, ""color""=>""#555""}, ""type""=>""hole"", ""board""=>0}","",true,Animals
086f8831-cac6-08a4-351f-e2747fcae696,Tiger,Teaching Teamwork,adder,Sent message,1487266197.098999,0.0,0.0,im goiing to label my pinouts,"","","","",1,"","","",true,Animals
d8452ed7-1d97-f299-0768-0cfb9eed6012,Lion,Teaching Teamwork,adder,Add wire,1487266201.2489998,0.0,0.0,"","","","","",0,"{""component""=>""lc2"", ""pin""=>{""index""=>7, ""name""=>""8""}, ""type""=>""pin"", ""board""=>0}","{""connector""=>""bus"", ""hole""=>{""index""=>0, ""color""=>""#555""}, ""type""=>""hole"", ""board""=>0}","",true,Animals
d8452ed7-1d97-f299-0768-0cfb9eed6012,Lion,Teaching Teamwork,adder,Sent message,1487266212.23,0.0,0.0,#1 is the first output,"","","","",0,"","","",true,Animals
d8452ed7-1d97-f299-0768-0cfb9eed6012,Lion,Teaching Teamwork,adder,Sent message,1487266220.8299992,0.0,0.0,well input to you,"","","","",0,"","","",true,Animals
d8452ed7-1d97-f299-0768-0cfb9eed6012,Lion,Teaching Teamwork,adder,Add wire,1487266245.4779992,0.0,0.0,"","","","","",0,"{""component""=>""lc2"", ""pin""=>{""index""=>12, ""name""=>""13""}, ""type""=>""pin"", ""board""=>0}","{""component""=>""lc0"", ""pin""=>{""index""=>11, ""name""=>""12""}, ""type""=>""pin"", ""board""=>0}","",true,Animals
d8452ed7-1d97-f299-0768-0cfb9eed6012,Lion,Teaching Teamwork,adder,Add wire,1487266264.198999,0.0,0.0,"","","","","",0,"{""component""=>""lc2"", ""pin""=>{""index""=>0, ""name""=>""1""}, ""type""=>""pin"", ""board""=>0}","{""connector""=>""input"", ""hole""=>{""index""=>1, ""color""=>""#555""}, ""type""=>""hole"", ""board""=>0}","",true,Animals
d8452ed7-1d97-f299-0768-0cfb9eed6012,Lion,Teaching Teamwork,adder,Toggled Switch,1487266264.755,0.0,0.0,0,"",1,"","",0,"","","",true,Animals
d8452ed7-1d97-f299-0768-0cfb9eed6012,Lion,Teaching Teamwork,adder,Toggled Switch,1487266267.960999,0.0,0.0,0,"",0,"","",0,"","","",true,Animals
d8452ed7-1d97-f299-0768-0cfb9eed6012,Lion,Teaching Teamwork,adder,Add wire,1487266283.750999,0.0,0.0,"","","","","",0,"{""component""=>""lc0"", ""pin""=>{""index""=>7, ""name""=>""8""}, ""type""=>""pin"", ""board""=>0}","{""component""=>""lc2"", ""pin""=>{""index""=>1, ""name""=>""2""}, ""type""=>""pin"", ""board""=>0}","",true,Animals
086f8831-cac6-08a4-351f-e2747fcae696,Tiger,Teaching Teamwork,adder,Closed board,1487266288.013999,0.0,0.0,1,"","","","",1,"","","",true,Animals
086f8831-cac6-08a4-351f-e2747fcae696,Tiger,Teaching Teamwork,adder,Opened board,1487266290.845999,0.0,0.0,1,"","","","",1,"","","",true,Animals
d8452ed7-1d97-f299-0768-0cfb9eed6012,Lion,Teaching Teamwork,adder,Add wire,1487266298.644999,0.0,0.0,"","","","","",0,"{""component""=>""lc2"", ""pin""=>{""index""=>11, ""name""=>""12""}, ""type""=>""pin"", ""board""=>0}","{""connector""=>""bus"", ""hole""=>{""index""=>1, ""color""=>""#555""}, ""type""=>""hole"", ""board""=>0}","",true,Animals
086f8831-cac6-08a4-351f-e2747fcae696,Tiger,Teaching Teamwork,adder,Add wire,1487266308.1529999,0.0,0.0,"","","","","",1,"{""component""=>""lc1"", ""pin""=>{""index""=>11, ""name""=>""12""}, ""type""=>""pin"", ""board""=>1}","{""component""=>""lc0"", ""pin""=>{""index""=>7, ""name""=>""8""}, ""type""=>""pin"", ""board""=>1}","",true,Animals
d8452ed7-1d97-f299-0768-0cfb9eed6012,Lion,Teaching Teamwork,adder,Sent message,1487266314.388,0.0,0.0,#2 is the second in for you,"","","","",0,"","","",true,Animals
d8452ed7-1d97-f299-0768-0cfb9eed6012,Lion,Teaching Teamwork,adder,Add wire,1487266335.908999,0.0,0.0,"","","","","",0,"{""component""=>""lc2"", ""pin""=>{""index""=>2, ""name""=>""3""}, ""type""=>""pin"", ""board""=>0}","{""connector""=>""input"", ""hole""=>{""index""=>0, ""color""=>""#555""}, ""type""=>""hole"", ""board""=>0}","",true,Animals
d8452ed7-1d97-f299-0768-0cfb9eed6012,Lion,Teaching Teamwork,adder,Add wire,1487266353.131999,0.0,0.0,"","","","","",0,"{""component""=>""lc2"", ""pin""=>{""index""=>3, ""name""=>""4""}, ""type""=>""pin"", ""board""=>0}","{""component""=>""lc0"", ""pin""=>{""index""=>11, ""name""=>""12""}, ""type""=>""pin"", ""board""=>0}","",true,Animals
d8452ed7-1d97-f299-0768-0cfb9eed6012,Lion,Teaching Teamwork,adder,Add wire,1487266364.006,0.0,0.0,"","","","","",0,"{""component""=>""lc2"", ""pin""=>{""index""=>4, ""name""=>""5""}, ""type""=>""pin"", ""board""=>0}","{""component""=>""lc0"", ""pin""=>{""index""=>7, ""name""=>""8""}, ""type""=>""pin"", ""board""=>0}","",true,Animals
d8452ed7-1d97-f299-0768-0cfb9eed6012,Lion,Teaching Teamwork,adder,Add wire,1487266370.542999,0.0,0.0,"","","","","",0,"{""component""=>""lc2"", ""pin""=>{""index""=>5, ""name""=>""6""}, ""type""=>""pin"", ""board""=>0}","{""connector""=>""bus"", ""hole""=>{""index""=>2, ""color""=>""#555""}, ""type""=>""hole"", ""board""=>0}","",true,Animals
086f8831-cac6-08a4-351f-e2747fcae696,Tiger,Teaching Teamwork,adder,Add wire,1487266373.499,0.0,0.0,"","","","","",1,"{""component""=>""lc0"", ""pin""=>{""index""=>8, ""name""=>""9""}, ""type""=>""pin"", ""board""=>1}","{""component""=>""lc0"", ""pin""=>{""index""=>4, ""name""=>""5""}, ""type""=>""pin"", ""board""=>1}","",true,Animals
d8452ed7-1d97-f299-0768-0cfb9eed6012,Lion,Teaching Teamwork,adder,Sent message,1487266393.835,0.0,0.0,#3 is the top for the second one of the third input for you,"","","","",0,"","","",true,Animals
d8452ed7-1d97-f299-0768-0cfb9eed6012,Lion,Teaching Teamwork,adder,Closed board,1487266429.3049998,0.0,0.0,0,"","","","",0,"","","",true,Animals
086f8831-cac6-08a4-351f-e2747fcae696,Tiger,Teaching Teamwork,adder,Closed board,1487266429.716,0.0,0.0,1,"","","","",1,"","","",true,Animals
086f8831-cac6-08a4-351f-e2747fcae696,Tiger,Teaching Teamwork,adder,Sent message,1487266445.4129999,0.0,0.0,we are not onsame page,"","","","",1,"","","",true,Animals
d8452ed7-1d97-f299-0768-0cfb9eed6012,Lion,Teaching Teamwork,adder,Opened board,1487266451.520999,0.0,0.0,0,"","","","",0,"","","",true,Animals
d8452ed7-1d97-f299-0768-0cfb9eed6012,Lion,Teaching Teamwork,adder,Move Logic Chip,1487266468.8769999,0.0,0.0,"",lc1,"",384.16,7408,0,"","",260.68,true,Animals
d8452ed7-1d97-f299-0768-0cfb9eed6012,Lion,Teaching Teamwork,adder,Add Logic Chip,1487266471.2099998,0.0,0.0,"",lc0,"",123.48,7411,0,"","",233.24,true,Animals
d8452ed7-1d97-f299-0768-0cfb9eed6012,Lion,Teaching Teamwork,adder,Move Logic Chip,1487266475.359999,0.0,0.0,"",lc0,"",480.20000000000005,7411,0,"","",246.96,true,Animals
086f8831-cac6-08a4-351f-e2747fcae696,Tiger,Teaching Teamwork,adder,Opened board,1487266478.746999,0.0,0.0,1,"","","","",1,"","","",true,Animals
d8452ed7-1d97-f299-0768-0cfb9eed6012,Lion,Teaching Teamwork,adder,Remove Logic Chip,1487266479.3379998,0.0,0.0,"",lc1,"",384.16,7408,0,"","",260.68,true,Animals
d8452ed7-1d97-f299-0768-0cfb9eed6012,Lion,Teaching Teamwork,adder,Move Logic Chip,1487266483.2219992,0.0,0.0,"",lc0,"",123.48,7411,0,"","",260.68,true,Animals
086f8831-cac6-08a4-351f-e2747fcae696,Tiger,Teaching Teamwork,adder,Move Logic Chip,1487266492.7019992,0.0,0.0,"",lc0,"",82.32000000000001,7411,1,"","",219.52,true,Animals
d8452ed7-1d97-f299-0768-0cfb9eed6012,Lion,Teaching Teamwork,adder,Add Logic Chip,1487266501.641,0.0,0.0,"",lc1,"",411.6,7404,0,"","",246.96,true,Animals
d8452ed7-1d97-f299-0768-0cfb9eed6012,Lion,Teaching Teamwork,adder,Remove Logic Chip,1487266504.551,0.0,0.0,"",lc1,"",411.6,7404,0,"","",246.96,true,Animals
086f8831-cac6-08a4-351f-e2747fcae696,Tiger,Teaching Teamwork,adder,Move Logic Chip,1487266509.7219992,0.0,0.0,"",lc0,"",123.48,7411,1,"","",150.92000000000002,true,Animals
086f8831-cac6-08a4-351f-e2747fcae696,Tiger,Teaching Teamwork,adder,Move Logic Chip,1487266515.332999,0.0,0.0,"",lc0,"",123.48,7411,1,"","",246.96,true,Animals
086f8831-cac6-08a4-351f-e2747fcae696,Tiger,Teaching Teamwork,adder,Move Logic Chip,1487266517.605999,0.0,0.0,"",lc0,"",123.48,7411,1,"","",246.96,true,Animals
086f8831-cac6-08a4-351f-e2747fcae696,Tiger,Teaching Teamwork,adder,Remove wire,1487266544.842999,0.0,0.0,"","","","","",1,"{""component""=>""lc0"", ""pin""=>{""index""=>5, ""name""=>""6""}, ""type""=>""pin"", ""board""=>1}","{""component""=>""lc1"", ""pin""=>{""index""=>8, ""name""=>""9""}, ""type""=>""pin"", ""board""=>1}","",true,Animals
086f8831-cac6-08a4-351f-e2747fcae696,Tiger,Teaching Teamwork,adder,Remove wire,1487266549.671999,0.0,0.0,"","","","","",1,"{""component""=>""lc0"", ""pin""=>{""index""=>8, ""name""=>""9""}, ""type""=>""pin"", ""board""=>1}","{""component""=>""lc0"", ""pin""=>{""index""=>4, ""name""=>""5""}, ""type""=>""pin"", ""board""=>1}","",true,Animals
086f8831-cac6-08a4-351f-e2747fcae696,Tiger,Teaching Teamwork,adder,Remove wire,1487266553.809999,0.0,0.0,"","","","","",1,"{""component""=>""lc1"", ""pin""=>{""index""=>12, ""name""=>""13""}, ""type""=>""pin"", ""board""=>1}","{""component""=>""lc0"", ""pin""=>{""index""=>11, ""name""=>""12""}, ""type""=>""pin"", ""board""=>1}","",true,Animals
086f8831-cac6-08a4-351f-e2747fcae696,Tiger,Teaching Teamwork,adder,Remove wire,1487266556.760999,0.0,0.0,"","","","","",1,"{""component""=>""lc1"", ""pin""=>{""index""=>11, ""name""=>""12""}, ""type""=>""pin"", ""board""=>1}","{""component""=>""lc0"", ""pin""=>{""index""=>7, ""name""=>""8""}, ""type""=>""pin"", ""board""=>1}","",true,Animals
086f8831-cac6-08a4-351f-e2747fcae696,Tiger,Teaching Teamwork,adder,Move Logic Chip,1487266563.835,0.0,0.0,"",lc1,"",109.76,7432,1,"","",96.04,true,Animals
086f8831-cac6-08a4-351f-e2747fcae696,Tiger,Teaching Teamwork,adder,Add Logic Chip,1487266566.608999,0.0,0.0,"",lc0,"",343,7432,1,"","",109.76,true,Animals
086f8831-cac6-08a4-351f-e2747fcae696,Tiger,Teaching Teamwork,adder,Move Logic Chip,1487266569.059999,0.0,0.0,"",lc0,"",411.6,7432,1,"","",137.20000000000002,true,Animals
086f8831-cac6-08a4-351f-e2747fcae696,Tiger,Teaching Teamwork,adder,Move Logic Chip,1487266570.358,0.0,0.0,"",lc1,"",150.92000000000002,7432,1,"","",137.20000000000002,true,Animals
086f8831-cac6-08a4-351f-e2747fcae696,Tiger,Teaching Teamwork,adder,Remove wire,1487266575.562999,0.0,0.0,"","","","","",1,"{""component""=>""lc1"", ""pin""=>{""index""=>10, ""name""=>""11""}, ""type""=>""pin"", ""board""=>1}","{""component""=>""lc1"", ""pin""=>{""index""=>9, ""name""=>""10""}, ""type""=>""pin"", ""board""=>1}","",true,Animals
d8452ed7-1d97-f299-0768-0cfb9eed6012,Lion,Teaching Teamwork,adder,Add Logic Chip,1487266581.5089998,0.0,0.0,"",lc2,"",343,7404,0,"","",274.40000000000003,true,Animals
086f8831-cac6-08a4-351f-e2747fcae696,Tiger,Teaching Teamwork,adder,Move Logic Chip,1487266582.361999,0.0,0.0,"",lc0,"",68.60000000000001,7432,1,"","",274.40000000000003,true,Animals
086f8831-cac6-08a4-351f-e2747fcae696,Tiger,Teaching Teamwork,adder,Move Logic Chip,1487266583.9619992,0.0,0.0,"",lc1,"",452.76000000000005,7432,1,"","",137.20000000000002,true,Animals
d8452ed7-1d97-f299-0768-0cfb9eed6012,Lion,Teaching Teamwork,adder,Remove Logic Chip,1487266584.872999,0.0,0.0,"",lc2,"",343,7404,0,"","",274.40000000000003,true,Animals
d8452ed7-1d97-f299-0768-0cfb9eed6012,Lion,Teaching Teamwork,adder,Move Logic Chip,1487266586.663,0.0,0.0,"",lc0,"",123.48,7411,0,"","",260.68,true,Animals
d8452ed7-1d97-f299-0768-0cfb9eed6012,Lion,Teaching Teamwork,adder,Remove Logic Chip,1487266587.937999,0.0,0.0,"",lc0,"",123.48,7411,0,"","",260.68,true,Animals
086f8831-cac6-08a4-351f-e2747fcae696,Tiger,Teaching Teamwork,adder,Remove wire,1487266592.6809988,0.0,0.0,"","","","","",1,"{""component""=>""lc1"", ""pin""=>{""index""=>7, ""name""=>""8""}, ""type""=>""pin"", ""board""=>1}","{""connector""=>""output"", ""hole""=>{""index""=>0, ""color""=>""#555""}, ""type""=>""hole"", ""board""=>1}","",true,Animals
d8452ed7-1d97-f299-0768-0cfb9eed6012,Lion,Teaching Teamwork,adder,Add Logic Chip,1487266597.167999,0.0,0.0,"",lc3,"",425.32,7411,0,"","",246.96,true,Animals
086f8831-cac6-08a4-351f-e2747fcae696,Tiger,Teaching Teamwork,adder,Add wire,1487266599.697999,0.0,0.0,"","","","","",1,"{""component""=>""lc1"", ""pin""=>{""index""=>10, ""name""=>""11""}, ""type""=>""pin"", ""board""=>1}","{""connector""=>""output"", ""hole""=>{""index""=>2, ""color""=>""#555""}, ""type""=>""hole"", ""board""=>1}","",true,Animals
d8452ed7-1d97-f299-0768-0cfb9eed6012,Lion,Teaching Teamwork,adder,Move Logic Chip,1487266601.982,0.0,0.0,"",lc3,"",356.72,7411,0,"","",96.04,true,Animals
086f8831-cac6-08a4-351f-e2747fcae696,Tiger,Teaching Teamwork,adder,Add wire,1487266602.974999,0.0,0.0,"","","","","",1,"{""component""=>""lc1"", ""pin""=>{""index""=>7, ""name""=>""8""}, ""type""=>""pin"", ""board""=>1}","{""connector""=>""output"", ""hole""=>{""index""=>3, ""color""=>""#555""}, ""type""=>""hole"", ""board""=>1}","",true,Animals
086f8831-cac6-08a4-351f-e2747fcae696,Tiger,Teaching Teamwork,adder,Add Logic Chip,1487266607.447,0.0,0.0,"",lc1,"",219.52,7411,1,"","",109.76,true,Animals
086f8831-cac6-08a4-351f-e2747fcae696,Tiger,Teaching Teamwork,adder,Move Logic Chip,1487266610.8499992,0.0,0.0,"",lc1,"",329.28000000000003,7411,1,"","",137.20000000000002,true,Animals
d8452ed7-1d97-f299-0768-0cfb9eed6012,Lion,Teaching Teamwork,adder,Add Logic Chip,1487266611.203,0.0,0.0,"",lc4,"",150.92000000000002,7404,0,"","",274.40000000000003,true,Animals
d8452ed7-1d97-f299-0768-0cfb9eed6012,Lion,Teaching Teamwork,adder,Move Logic Chip,1487266614.417999,0.0,0.0,"",lc4,"",137.20000000000002,7404,0,"","",82.32000000000001,true,Animals
086f8831-cac6-08a4-351f-e2747fcae696,Tiger,Teaching Teamwork,adder,Move Logic Chip,1487266622.713999,0.0,0.0,"",lc1,"",480.20000000000005,7411,1,"","",150.92000000000002,true,Animals
086f8831-cac6-08a4-351f-e2747fcae696,Tiger,Teaching Teamwork,adder,Move Logic Chip,1487266623.5049999,0.0,0.0,"",lc1,"",480.20000000000005,7411,1,"","",82.32000000000001,true,Animals
086f8831-cac6-08a4-351f-e2747fcae696,Tiger,Teaching Teamwork,adder,Move Logic Chip,1487266624.2019992,0.0,0.0,"",lc1,"",54.88,7411,1,"","",123.48,true,Animals
d8452ed7-1d97-f299-0768-0cfb9eed6012,Lion,Teaching Teamwork,adder,Add Logic Chip,1487266630.0809999,0.0,0.0,"",lc5,"",205.8,7408,0,"","",260.68,true,Animals
086f8831-cac6-08a4-351f-e2747fcae696,Tiger,Teaching Teamwork,adder,Move Logic Chip,1487266640.322999,0.0,0.0,"",lc1,"",343,7411,1,"","",164.64000000000001,true,Animals
086f8831-cac6-08a4-351f-e2747fcae696,Tiger,Teaching Teamwork,adder,Move Logic Chip,1487266641.359999,0.0,0.0,"",lc0,"",54.88,7432,1,"","",178.36,true,Animals
086f8831-cac6-08a4-351f-e2747fcae696,Tiger,Teaching Teamwork,adder,Move Logic Chip,1487266707.0419998,0.0,0.0,"",lc1,"",96.04,7411,1,"","",54.88,true,Animals
086f8831-cac6-08a4-351f-e2747fcae696,Tiger,Teaching Teamwork,adder,Move Logic Chip,1487266708.280999,0.0,0.0,"",lc0,"",274.40000000000003,7432,1,"","",178.36,true,Animals
086f8831-cac6-08a4-351f-e2747fcae696,Tiger,Teaching Teamwork,adder,Move Logic Chip,1487266716.967999,0.0,0.0,"",lc1,"",82.32000000000001,7411,1,"","",205.8,true,Animals
